model,val_R2,test_R2,test_RMSE_log,test_MAE_log
Linear Regression,0.8733224234303636,0.8804099615799506,0.23426329911808658,0.1659395291823325
