model,val_R2,test_R2,test_RMSE_log,test_MAE_log
Linear Regression,0.8527684301485727,0.8601656711009126,0.255777116987455,0.17143358615664497
